{"cameraMode":{"drawMode":0,"name":"Shaded","section":"Shading Mode"},"sceneLighting":true,"audioPlay":false,"sceneViewState":{"showFog":false,"showMaterialUpdate":false,"showSkybox":false,"showFlares":false,"showImageEffects":false,"showParticleSystems":false},"in2DMode":false,"pivot":{"x":15.147634506225586,"y":-5.8068156242370609,"z":-14.690434455871582},"rotation":{"x":0.007203040178865194,"y":0.05007338896393776,"z":-0.00036120653385296464,"w":0.9987195134162903},"size":5.952725887298584,"orthographic":false}