{"cameraMode":{"drawMode":0,"name":"Shaded","section":"Shading Mode"},"sceneLighting":false,"audioPlay":false,"sceneViewState":{"showFog":false,"showMaterialUpdate":false,"showSkybox":false,"showFlares":false,"showImageEffects":false,"showParticleSystems":false},"in2DMode":false,"pivot":{"x":0.0011341571807861329,"y":4.641683578491211,"z":-0.14701128005981446},"rotation":{"x":-0.057811785489320758,"y":0.9061222672462463,"z":-0.13167814910411836,"w":-0.3978205621242523},"size":27.030248641967775,"orthographic":false}